{
    "CIDEr": 44.60104356673421, 
    "Bleu_4": 10.51846039469163, 
    "Bleu_3": 16.774655841521515, 
    "Bleu_2": 28.011344598729583, 
    "Bleu_1": 50.9832024307741, 
    "ROUGE_L": 32.188248212703236, 
    "METEOR": 16.4603744520034
}